feature_1,feature_2,feature_3,Genre
2851.5593650040882,0.09622206964590443,0.18400190770626068,pop
2965.054681254121,0.11588263918515358,0.25767868757247925,pop
2837.837321887478,0.09572545595136518,0.21323280036449432,pop
1820.3585943528576,0.07275257305887373,0.12881606817245483,pop
2462.546899768156,0.10230008799061434,0.2097615897655487,pop
2133.5533990397835,0.0925714590443686,0.13912387192249298,pop
2336.1317892675897,0.057266224936006825,0.09358293563127518,pop
1950.1796849715806,0.0703058340443686,0.08405885845422745,pop
2558.6003285208544,0.09926841136945393,0.19371050596237183,pop
2652.258554165967,0.1449295408489761,0.15803343057632446,pop
2072.9932866465947,0.056366987521331055,0.18345697224140167,pop
2106.03118050016,0.07404910142918089,0.05560002103447914,pop
2339.749247743969,0.1076171875,0.1635097861289978,pop
2494.007253468172,0.042537462670648465,0.17245560884475708,pop
2078.4128701418313,0.07728009012372014,0.07786586880683899,pop
2623.041244173445,0.11187606655290103,0.19381539523601532,pop
2731.529483476368,0.12214263811860068,0.14445193111896515,pop
2504.4807387570163,0.10929834151023891,0.14273382723331451,pop
2940.948622208517,0.1001586497440273,0.20506910979747772,pop
2507.279220139886,0.12679180887372013,0.20784324407577515,pop
2667.6210414208017,0.14536582764505118,0.24429699778556824,pop
2628.078004186001,0.15439253146331058,0.19052772223949432,pop
2623.2349580402806,0.1117907423208191,0.19382324814796448,pop
2825.030342489813,0.14077265091723548,0.20590393245220184,pop
2677.0675485408183,0.11454911476109216,0.20487935841083527,pop
2694.805916435501,0.08324678700938566,0.1876843273639679,pop
2375.085116845742,0.08364274477389079,0.19428177177906036,pop
2431.6064893298003,0.08233188459897611,0.15665346384048462,pop
2615.9887844977825,0.0981688619880546,0.19259095191955566,pop
2716.2460631004556,0.09260945499146758,0.23246882855892181,pop
2507.9349244660148,0.1207297888225256,0.20101173222064972,pop
2529.472665250928,0.12450071992320819,0.1962176114320755,pop
2889.6206575374845,0.1735894837883959,0.09384434670209885,pop
2386.214213360645,0.11730715390358362,0.13937580585479736,pop
2689.4800091206175,0.10335264238481229,0.18518249690532684,pop
2582.6000463662313,0.12964017171501707,0.2793450653553009,pop
2641.619088088386,0.08888951845136518,0.25357455015182495,pop
2537.800698514911,0.13642844763225256,0.238610178232193,pop
2587.981379770289,0.12024684033703072,0.21899399161338806,pop
3025.86425104418,0.1407403210324232,0.2723626494407654,pop
1955.1411876141065,0.08310946832337884,0.19889143109321594,pop
2217.1114239176964,0.06523837457337885,0.0830777958035469,pop
2534.6369663276864,0.11966723549488055,0.22151914238929749,pop
2445.537053038799,0.08864154490187713,0.25304481387138367,pop
2488.9356332305183,0.10929534183020478,0.22060135006904602,pop
2504.196858635851,0.09921575031996586,0.20020976662635803,pop
2505.823244923,0.09687100042662115,0.2012394517660141,pop
2658.9431920362654,0.09741227602389078,0.2129155993461609,pop
2953.6791137474743,0.1565496347056314,0.1511336863040924,pop
2123.182132082299,0.054945139185153584,0.14680993556976318,pop
2595.5619918555417,0.09489654436860068,0.20583966374397278,pop
2858.5979275914815,0.1607811833404437,0.20351392030715942,pop
2807.9170524620995,0.12494100629266211,0.31655213236808777,pop
2238.5057637584314,0.0883522424274744,0.17119713127613068,pop
2821.881977196193,0.10816179607508532,0.27007976174354553,pop
2915.639910432914,0.13156829938139933,0.23640842735767365,pop
2715.4637369516363,0.11300261305460751,0.24526317417621613,pop
2807.5334097728587,0.12269191286262798,0.3244182765483856,pop
2285.279552463947,0.12079978135665528,0.1656869798898697,pop
2723.59760513521,0.1127396411049488,0.24699586629867554,pop
2821.881977196193,0.10816179607508532,0.27007976174354553,pop
2450.3394040231633,0.08968809993600682,0.21822021901607513,pop
2448.323848243296,0.08599316072952218,0.39694714546203613,pop
1994.7069705631163,0.06464943739334471,0.12572725117206573,pop
2579.502475805326,0.17808267118174062,0.16718840599060059,pop
2337.530903169987,0.08599549381399317,0.1325971633195877,pop
2695.9559319069367,0.07781436646757679,0.24147602915763855,pop
2844.446146711608,0.15439586444112627,0.1883074939250946,pop
2505.0536699058252,0.12251293195392492,0.2426023781299591,pop
2247.57404038865,0.083529423528157,0.21451428532600403,pop
2570.7134088941466,0.11102582391211605,0.16593316197395325,pop
2844.446146711608,0.15439586444112627,0.1883074939250946,pop
2246.6819116777638,0.11449912009385665,0.23358817398548126,pop
2850.1838374366826,0.13126099882679182,0.25598177313804626,pop
2828.439855569167,0.10025730588737201,0.20661495625972748,pop
2814.1331839520794,0.13076338523890785,0.1829177439212799,pop
2851.3415830220097,0.10990061060153583,0.24196085333824158,pop
2862.789442115511,0.16649790688993174,0.2248941957950592,pop
2542.5227396304294,0.11685386892064846,0.22095949947834015,pop
2133.1977617928483,0.061112814633105805,0.037243470549583435,pop
2658.91942786811,0.09753626279863481,0.21279989182949066,pop
2298.6980350411113,0.07101575831911262,0.09181472659111023,pop
2827.510402527366,0.07889058500426621,0.20622625946998596,pop
2499.590884163536,0.06935026930460751,0.1423342078924179,pop
2518.2356424285285,0.1018854655503413,0.17574231326580048,pop
2122.872660746135,0.10265271704351536,0.19380144774913788,pop
2773.835178831589,0.15373793462030716,0.13052335381507874,pop
2886.4226906421754,0.11853668941979523,0.18853363394737244,pop
2658.507191486877,0.1377166435580205,0.23084013164043427,pop
2650.633110761619,0.1357908489761092,0.2166603058576584,pop
1564.5375438222673,0.06900153478854025,0.04654313251376152,jazz
1518.5817388505059,0.052130851381309684,0.022746922448277473,jazz
1035.6007714863354,0.05116361485334243,0.08077467978000641,jazz
1035.222761006697,0.039487830938778994,0.05938457325100899,jazz
1391.389644938301,0.04228429026688267,0.10860958695411682,jazz
1522.5719407718827,0.051258872996248296,0.10716443508863449,jazz
1437.9374254189945,0.042469144355388816,0.09837568551301956,jazz
1330.764961082891,0.057301769803035474,0.09359859675168991,jazz
1611.0519056846379,0.04098564866132333,0.1182800754904747,jazz
1180.0995480639422,0.02798790821111869,0.08523539453744888,jazz
1016.1883956579143,0.029223599505457026,0.06404046714305878,jazz
2079.771071640949,0.06847395122783083,0.07099565118551254,jazz
2013.0207629058953,0.056860784554058665,0.03740202262997627,jazz
2283.771088918738,0.05474112433918827,0.05527002364397049,jazz
1248.6763139204068,0.057372713804570256,0.03920578956604004,jazz
2038.3124024722033,0.06559022744713507,0.06217494234442711,jazz
1708.3088855993356,0.061769909618008184,0.06046552211046219,jazz
2167.587102862565,0.07534819182725103,0.04939812794327736,jazz
2103.392894220851,0.07808836225272851,0.0520833358168602,jazz
1687.4413829086936,0.049095580555081855,0.050139762461185455,jazz
1648.7979550069513,0.029245582153819918,0.02702026069164276,jazz
2406.100546182471,0.16287177321367668,0.04780596122145653,jazz
1887.2787783570138,0.04555670723908595,0.050423428416252136,jazz
2079.265548502451,0.07135501044508867,0.08761811256408691,jazz
2067.7061787269085,0.08338551436732605,0.058659691363573074,jazz
2042.9452042878713,0.05653537474420191,0.06910478323698044,jazz
1601.3289601235028,0.05201527594218963,0.031921688467264175,jazz
2092.4343294770783,0.05604109822646658,0.040490858256816864,jazz
2074.3583444842016,0.06691618082793316,0.048599161207675934,jazz
2236.7409244828023,0.08892147798004775,0.036222606897354126,jazz
1742.3574370057968,0.0750760732861528,0.029554467648267746,jazz
1970.257538922381,0.06434620939205321,0.04348892718553543,jazz
1880.4459004657365,0.05498726338676671,0.04023818299174309,jazz
1484.2287968631692,0.03757833816507503,0.06956890225410461,jazz
1771.9636516736891,0.07051933673686903,0.12959380447864532,jazz
1089.4359720214975,0.03339264207452251,0.09134387969970703,jazz
1401.9700165206177,0.08799987210095497,0.08011039346456528,jazz
1546.7969495013724,0.04560800008526603,0.1062709167599678,jazz
1755.975436719771,0.059025409276944066,0.09759660810232162,jazz
1432.5437966161528,0.06774552619798772,0.08198689669370651,jazz
1463.6499140418082,0.04853835372612551,0.13789212703704834,jazz
1557.3015561126456,0.08913530919594134,0.07793528586626053,jazz
1533.5523246152716,0.05425384230047749,0.09925314784049988,jazz
1773.5431203081127,0.07596004220668486,0.11151626706123352,jazz
1225.3106042159927,0.04394398021828104,0.08632490038871765,jazz
1172.2465478458028,0.03764761681446112,0.10016807913780212,jazz
1436.7531031706596,0.05189570365791269,0.1098075658082962,jazz
2115.87065762485,0.08343714028393588,0.053772807121276855,jazz
1922.4171507656513,0.0703990983117326,0.05854253098368645,jazz
2261.2867123616015,0.057268462760061395,0.1838715374469757,jazz
2522.495034377687,0.07067327460779352,0.19016264379024506,jazz
1511.5415027068825,0.03762696644781719,0.06957048922777176,jazz
2375.5571350282407,0.06811440677966102,0.18787719309329987,jazz
1811.0536966530879,0.07063657752813779,0.12961424887180328,jazz
1910.608672977833,0.0570882993566803,0.16197076439857483,jazz
1129.4692586741442,0.03339563970839018,0.09134302288293839,jazz
2729.745288475231,0.09831347523744911,0.1974371373653412,jazz
1560.1156024707293,0.05454494585607094,0.07799115031957626,jazz
1466.113476249997,0.08806115706002729,0.08011235296726227,jazz
1907.0686246462396,0.03340250377770316,0.18190382421016693,jazz
1679.7308345472472,0.04608495694065484,0.10627896338701248,jazz
2418.2719487884137,0.0824963899585308,0.23139801621437073,jazz
1886.7116465774395,0.05962127227575034,0.09760861843824387,jazz
2414.639470611386,0.08578693014085695,0.16202589869499207,jazz
1941.5582996955955,0.04951191859225784,0.21163226664066315,jazz
1464.0458937069636,0.0677535198883015,0.08198723942041397,jazz
1706.2417455724308,0.07812764114266396,0.17267848551273346,jazz
1504.2578259227162,0.04859664105133015,0.1378960907459259,jazz
1577.0459731950111,0.05434676895037517,0.09925441443920135,jazz
1921.5381453176979,0.07676041044935197,0.11153317242860794,jazz
1362.9509011658188,0.044175131096521145,0.0863281786441803,jazz
1218.5135740815572,0.03761464284191678,0.1001686230301857,jazz
1479.121302852143,0.05193367368690314,0.10980770736932755,jazz
2516.004292318436,0.10744518993008186,0.13237076997756958,jazz
2249.3881151036003,0.0817944369244543,0.11201046407222748,jazz
2448.321881588695,0.10559231912943383,0.14611880481243134,jazz
1798.2150325918149,0.059838434195941335,0.11876638233661652,jazz
2350.4737293712456,0.11246123060197817,0.14515052735805511,jazz
2256.151130030829,0.08208387512789904,0.11860454827547073,jazz
2343.7015001056257,0.09226417281292633,0.06947065144777298,jazz
2433.224643702296,0.11982341938096862,0.07532814145088196,jazz
2786.8806430285745,0.07682968909873807,0.042601846158504486,jazz
2865.420376114402,0.1594637965765689,0.04644433408975601,jazz
2738.8771722368406,0.12446075897424966,0.07377898693084717,jazz
2478.2286665605293,0.10200681595327421,0.051419246941804886,jazz
2291.7766609656496,0.12851722373806276,0.0711398497223854,jazz
2711.2334564206103,0.20984103214529332,0.05086387321352959,jazz
2252.403364480703,0.03449610440825375,0.045519642531871796,jazz
2447.0693883756603,0.05586290554655525,0.09114257991313934,jazz
2103.945436272714,0.054390734247100954,0.04491494223475456,jazz
2075.8573902529324,0.08069563757673942,0.12884430587291718,rock
1821.20955933668,0.04901297908850614,0.1801246702671051,rock
1959.7514086322171,0.06869844069747613,0.147727370262146,rock
1868.0226383728607,0.0385089369457708,0.15072274208068848,rock
1817.1688028085728,0.03666505904672578,0.20853795111179352,rock
1570.9717406163481,0.06825279246248295,0.2035275399684906,rock
1638.6675030223262,0.07742755052012279,0.17979450523853302,rock
1702.2361913313327,0.04197986389409959,0.15675103664398193,rock
1826.007672851926,0.07547808929484993,0.2607070803642273,rock
1565.276102059841,0.037777514282060026,0.1278599053621292,rock
2153.1387997289075,0.06429091970071624,0.15281547605991364,rock
2003.0786901067847,0.048586315868008184,0.12312696129083633,rock
2035.3704379908963,0.060949890219986355,0.07537542283535004,rock
2192.1317623220843,0.04154986996930423,0.13336265087127686,rock
1980.6523886964812,0.07467339113659618,0.05328855663537979,rock
2074.810614333045,0.1022786014239427,0.08185113966464996,rock
2206.2402041561063,0.12785008366729195,0.18420913815498352,rock
2046.153052739145,0.12547395922152116,0.16578872501850128,rock
2127.2839042382516,0.10381372303461801,0.1403082013130188,rock
2103.6581385886866,0.11471078828444747,0.11198063939809799,rock
2099.8729253283104,0.10512169061221009,0.1522483080625534,rock
2043.9638262196795,0.10829418645549113,0.16124330461025238,rock
2096.0418413537477,0.12359444278649385,0.17351943254470825,rock
2187.5719259227744,0.10325150014921555,0.1355190873146057,rock
2030.8423105760062,0.12771885391797408,0.15633422136306763,rock
2105.389337756045,0.14082550839870395,0.14894548058509827,rock
2133.389122424425,0.10970440665501364,0.15242449939250946,rock
2296.3034760765586,0.1187400010665529,0.07907311618328094,rock
1931.4317771404865,0.08973783360334243,0.13848866522312164,rock
2270.2147796425943,0.09904881746674625,0.17985278367996216,rock
2646.432663946632,0.1020907497015689,0.09626006335020065,rock
2235.805897810924,0.11487199437244201,0.12535512447357178,rock
2168.890769006672,0.10187651252104377,0.22150291502475739,rock
1783.4355089014043,0.06595260807469304,0.12768211960792542,rock
2450.627631923799,0.11887162582181389,0.19074560701847076,rock
2101.7091405311025,0.04831253197476126,0.12390375882387161,rock
2437.1442363979445,0.12944467905405405,0.21572817862033844,rock
2190.0567926643766,0.12762026507077082,0.1128590852022171,rock
2400.99751344541,0.12277890358361775,0.21872423589229584,rock
2299.4565182559186,0.10404354163113916,0.14388345181941986,rock
2452.400914216009,0.12357479163113916,0.14211778342723846,rock
2301.5296682220546,0.12614109929229195,0.15978550910949707,rock
2372.998983988382,0.11608503687755799,0.11795268952846527,rock
2189.802591262587,0.12315612210095497,0.13902491331100464,rock
1825.502796930693,0.0601941534149045,0.14413772523403168,rock
1510.4274492716502,0.07011265774215553,0.09686279296875,rock
2207.2828188983744,0.10265330565740109,0.12015371769666672,rock
2362.7086676895315,0.13364684142650068,0.13802917301654816,rock
1619.2780422156181,0.07561531431190313,0.14541299641132355,rock
2015.5677246847974,0.07530256117837654,0.10047479718923569,rock
2012.4174765251332,0.04530590520549113,0.14024662971496582,rock
2672.001963547468,0.1015241969005798,0.16057445108890533,rock
2073.696348739291,0.07284649982946793,0.11238089948892593,rock
2555.367427886204,0.15909741910385403,0.18862491846084595,rock
2223.407238487213,0.11267006576142564,0.06484430283308029,rock
1938.2666995842058,0.05787664936476808,0.1467614471912384,rock
2581.771515723605,0.1525952181744543,0.17427873611450195,rock
2816.801303986493,0.1412365173090041,0.1207684874534607,rock
2406.5312114626145,0.08323096968792633,0.0870831310749054,rock
2478.723885622789,0.07014529864427012,0.05094466358423233,rock
2439.96386628264,0.1093187110973738,0.10238201916217804,rock
2298.5356772430364,0.058082153819918145,0.08797349780797958,rock
2730.226261027138,0.08552082889239428,0.059967778623104095,rock
1937.9424044380276,0.046836363830150066,0.052930090576410294,rock
2168.231727484232,0.09514123518502729,0.10673337429761887,rock
2090.6423947310536,0.11508282795446793,0.11442671716213226,rock
2150.3077857548374,0.09563717705491133,0.04281352832913399,rock
2318.0772969580557,0.10749648277626193,0.09975965321063995,rock
2378.118876277492,0.10600332803973397,0.09105683118104935,rock
2322.0429797177962,0.12351084210862892,0.04688671976327896,rock
2223.5270619599455,0.12442778500170532,0.05391409620642662,rock
2192.36707086109,0.08119857392564803,0.1604103446006775,rock
2178.624235252795,0.07338274322135062,0.16501154005527496,rock
2264.2459022681346,0.09853455672322646,0.16870875656604767,rock
2223.605418821571,0.08167786227404503,0.15339645743370056,rock
2330.2476863317715,0.100124634954809,0.1263599991798401,rock
1925.6793326906286,0.0633320099334925,0.14549486339092255,rock
2318.6156624911087,0.09524981614512279,0.12815837562084198,rock
2172.8112061394436,0.06418966629007504,0.1438918113708496,rock
2088.854297721565,0.09740844560027286,0.11651057749986649,rock
2302.0124406948025,0.1341337903947817,0.104148268699646,rock
2200.121608952321,0.12146145975443383,0.09335112571716309,rock
2407.8738716560274,0.16511466948755116,0.0930664986371994,rock
2222.414739222732,0.08292521103342429,0.1014912873506546,rock
2353.6081081565253,0.12500632833816508,0.1066724956035614,rock
2038.7801369778915,0.10798709551927012,0.06290388107299805,rock
2113.1628204438257,0.13047734321708732,0.07597248256206512,rock
2189.990941779231,0.1146881394952251,0.16547034680843353,rock
2065.1275775350055,0.14406694982094134,0.08927155286073685,rock
1790.5561273269582,0.06528446879263301,0.10481901466846466,rock
1981.5878743077812,0.07406054154587312,0.12969502806663513,blues
2014.033360397599,0.05012410204212142,0.09544343501329422,blues
1727.3781719163796,0.06773187031036836,0.17499932646751404,blues
1571.4550562164295,0.029555337653478855,0.14050045609474182,blues
1732.5942802735144,0.0901581684856753,0.09112619608640671,blues
1710.421013267875,0.08389744361783766,0.1030908152461052,blues
1376.2280958157937,0.06463098460948158,0.14108708500862122,blues
1564.5668509180657,0.054584914307639835,0.13127964735031128,blues
2016.8356510207768,0.05710159447476126,0.14198939502239227,blues
1957.3719444460983,0.07046704467939972,0.0810503140091896,blues
1491.0512756240964,0.05575698914989768,0.14233793318271637,blues
1728.9183897703815,0.039195728171896316,0.06541740894317627,blues
1553.4974729063322,0.061270303973397,0.11839127540588379,blues
1809.1758221097673,0.045606001662687586,0.11251498758792877,blues
1684.9569651114411,0.039902503623806276,0.0667041763663292,blues
1716.19887729065,0.056579673111357434,0.0801955834031105,blues
1809.9987864374134,0.05443236805081855,0.08102960139513016,blues
1396.618198841791,0.042777900643758526,0.09280823171138763,blues
2028.5776801305178,0.05000019984225784,0.07937614619731903,blues
1466.4813378622239,0.05215283402967258,0.09707523137331009,blues
1892.9506765696642,0.04688832281718963,0.07499689608812332,blues
1461.361443604565,0.04240486176244884,0.10069578886032104,blues
1481.1282043718527,0.05190536270037517,0.11292093247175217,blues
1482.3367293919541,0.046472650920873125,0.101531483232975,blues
1433.4777550910337,0.041989856006991816,0.08648138493299484,blues
1447.7383306174052,0.04581417068127558,0.08879908174276352,blues
1555.5234342881595,0.04603766093963165,0.07666933536529541,blues
1483.1206950906103,0.06418933321964529,0.09550382196903229,blues
1387.8655704455714,0.04252010413113915,0.0990741103887558,blues
2161.020836702947,0.04740058513813097,0.12415176630020142,blues
1971.429800059832,0.03528148448158254,0.16950710117816925,blues
1942.3025072034698,0.038409681957708046,0.1511906534433365,blues
1851.668798393642,0.035281817552012276,0.10096493363380432,blues
2042.748074147574,0.037718893886425645,0.13288253545761108,blues
2127.6982148102707,0.04108723514239427,0.13545629382133484,blues
2061.4567252441275,0.040582633441336974,0.17282965779304504,blues
1877.7608926610585,0.032965645783594816,0.19716589152812958,blues
1653.7872737080709,0.042840517884549796,0.06863198429346085,blues
2109.268804707367,0.039810576185197816,0.16768448054790497,blues
1671.4620628945547,0.031433854877216914,0.08558826893568039,blues
2338.9270473171437,0.08778437553291268,0.1344161480665207,blues
2441.966925204929,0.0918278505499659,0.12884892523288727,blues
2350.5012351634937,0.08776039446197136,0.1107679232954979,blues
2351.4594699640224,0.07831518321538199,0.12702926993370056,blues
2357.0898916383826,0.083043784106412,0.13600154221057892,blues
2267.863693115548,0.043177585159447474,0.14795047044754028,blues
2331.989410359991,0.05257883110931105,0.10222258418798447,blues
2291.172331705816,0.06759564450460437,0.11208736151456833,blues
2189.889796308877,0.08821436945770805,0.12366729974746704,blues
1877.5647913987405,0.035772763365450204,0.08845090866088867,blues
2066.351198482881,0.07649895016200546,0.18152575194835663,blues
1916.1370514636526,0.09494405749062074,0.1962011158466339,blues
1649.210336149268,0.05977948072987722,0.09842826426029205,blues
1941.0859186770242,0.11812709168229878,0.16750113666057587,blues
1973.5191737617808,0.09222620278393588,0.20020227134227753,blues
1962.0510476754846,0.10073315462994543,0.15679600834846497,blues
2028.8643186475683,0.06730187638557299,0.13731537759304047,blues
1899.3311114071794,0.08035257503410641,0.17522422969341278,blues
2016.7049003073416,0.09294230420787858,0.1612064689397812,blues
2084.154918159693,0.12661539158424284,0.16895732283592224,blues
1966.5086399041825,0.08648240322305593,0.19551509618759155,blues
2172.1611734775965,0.14942238926074353,0.1414250284433365,blues
2107.17703039717,0.10446754028819918,0.10597974061965942,blues
2424.525822269181,0.13838010530354708,0.09592138975858688,blues
2258.5902641798657,0.1311771241899727,0.11718901246786118,blues
2354.456799244425,0.13089268204297408,0.10011813789606094,blues
2238.4421931742436,0.108642578125,0.1102258712053299,blues
2158.7800220663116,0.10053198009038199,0.12885905802249908,blues
2320.8456111003047,0.12062645218707367,0.10273616015911102,blues
2199.288527419667,0.11169916545873124,0.11628738790750504,blues
2110.3337184437337,0.08774973620821964,0.10577767342329025,blues
2265.5533418575374,0.12026473770037517,0.12033655494451523,blues
2489.566460595031,0.11604739991899728,0.10375865548849106,blues
2133.369525997342,0.08963291641797408,0.25898927450180054,blues
2499.9446093305573,0.10870452922493179,0.19625824689865112,blues
2223.343900954003,0.09704173505712824,0.19058090448379517,blues
2395.177902127661,0.12202601413284447,0.21832525730133057,blues
2170.372100798013,0.09976591810197817,0.24207496643066406,blues
2210.761823000206,0.1108651571026603,0.2572740614414215,blues
2334.441639586673,0.11157892703359482,0.27035704255104065,blues
1880.8893273346239,0.08350875042633014,0.2414156049489975,blues
1942.4476567379622,0.11324794295702592,0.24766439199447632,blues
2144.4555599431737,0.09385525025579809,0.25071269273757935,blues
2243.267217280796,0.10554735462141883,0.250159353017807,blues
2060.8811562642,0.10086938043570941,0.23422649502754211,blues
1646.783351347196,0.05276801511340382,0.14980052411556244,blues
1602.878639414674,0.04336876758611869,0.12424962222576141,blues
1841.0573519717477,0.04525228086630286,0.15755173563957214,blues
1502.6875006880239,0.02833330224675989,0.14155152440071106,blues
1254.918312420195,0.02278068511255116,0.05248429998755455,blues
2285.8560310512216,0.08405009878484024,0.14120365679264069,disco
2535.619766145113,0.16384714018038618,0.17594268918037415,disco
2914.901240512207,0.1188042238659618,0.15921753644943237,disco
2550.4645880907065,0.13239614125844595,0.1954636424779892,disco
2662.1855122860443,0.1368469821154502,0.1129387840628624,disco
2328.955453769716,0.1269775390625,0.2060965895652771,disco
2318.150759439406,0.14429243850187584,0.19123919308185577,disco
2430.869619420533,0.12133222842769441,0.15811733901500702,disco
2250.9581547227635,0.14520847918788188,0.1893988996744156,disco
2338.5369942858547,0.14830060805337653,0.11794908344745636,disco
2410.020486077118,0.1320001412218622,0.23214322328567505,disco
2689.102300002353,0.11151864128581174,0.18796546757221222,disco
2392.640863904723,0.11534631430697279,0.17464889585971832,disco
2735.1583285968013,0.1320874056744543,0.16880065202713013,disco
2575.6265692652128,0.13678940912969284,0.17310790717601776,disco
2361.636998625356,0.07447687958304912,0.21496251225471497,disco
2348.7237583584183,0.10008940825591216,0.20501844584941864,disco
2318.716864914716,0.10089336150665075,0.11457496136426926,disco
2674.292194651753,0.12372167569065484,0.13760927319526672,disco
1904.576847406761,0.08928086097373807,0.14597012102603912,disco
2011.6174792135953,0.09201037314546384,0.12426123023033142,disco
2862.1805011975357,0.10174835329979535,0.110228531062603,disco
2823.8235992132577,0.1388334141584243,0.13444365561008453,disco
2597.6844949998153,0.12937221553120737,0.17702339589595795,disco
2342.8677815882265,0.10220799049283766,0.14155757427215576,disco
2221.9939226384513,0.08425016520293316,0.10677830874919891,disco
2602.2370814986875,0.111310139196794,0.14205233752727509,disco
2566.4849049720615,0.08255650206770122,0.11443041265010834,disco
2803.2205275819774,0.16070881384293997,0.16839668154716492,disco
2510.957700227795,0.11058004881480218,0.14569486677646637,disco
2651.734855797494,0.12438881576142564,0.1675579696893692,disco
2545.295144391666,0.14787094719901092,0.11478515714406967,disco
2149.4581136013267,0.10719805167121418,0.10998846590518951,disco
2224.0145095177936,0.11020734300392224,0.15663877129554749,disco
2864.489301063064,0.15034432821026603,0.12173516303300858,disco
2813.6095573595917,0.14481735749914734,0.1496683657169342,disco
2684.669032075918,0.13533983842087313,0.1714661419391632,disco
2786.524113153225,0.15564381181787176,0.16132521629333496,disco
2571.5170089724547,0.13946125191848568,0.11185772716999054,disco
2126.3418148400033,0.0879379210010232,0.12387995421886444,disco
2294.6412837684215,0.11046347416439291,0.14368806779384613,disco
2071.0982502097636,0.04567494724164393,0.17486117780208588,disco
2160.9697405158,0.10723135871418826,0.13552871346473694,disco
2395.6907539984995,0.10852933417888813,0.171761617064476,disco
2098.4898205278664,0.09391720135572988,0.14785350859165192,disco
2085.4174703833073,0.09443312745139837,0.1345016062259674,disco
2244.523381573682,0.10217410142918089,0.11223191767930984,disco
1603.5877877181465,0.07737874626706484,0.04689013957977295,disco
2139.5653109428586,0.13759365667662116,0.11166921257972717,disco
2178.7999256827425,0.12094209950938567,0.2082516998052597,disco
2232.027328513827,0.11519071299061434,0.15851786732673645,disco
2284.589774741713,0.14121360388225257,0.1058838963508606,disco
2146.5534397569522,0.15160482881825937,0.12473469227552414,disco
2687.8124944789984,0.13980475415955632,0.17163531482219696,disco
2493.837243585923,0.1029130226109215,0.0516815185546875,disco
2051.501274739656,0.09842250159982935,0.12087580561637878,disco
2018.748766944611,0.06866500906569965,0.07577782869338989,disco
2076.279064944238,0.0825095323165529,0.07590917497873306,disco
2219.0218400443614,0.09950271970989762,0.12120307981967926,disco
2234.2804195166723,0.09858648410836178,0.11620985716581345,disco
2060.0083180504917,0.08338310580204779,0.11384551972150803,disco
2453.327433276461,0.10397857561860069,0.18279358744621277,disco
2173.135732962308,0.11421381719283276,0.14965401589870453,disco
2559.5538177111107,0.08968943312713311,0.29179441928863525,disco
2366.5918114754027,0.05827945019197952,0.091725654900074,disco
2150.9972397489764,0.06580898037542662,0.18407076597213745,disco
2253.7095539564966,0.12392678114334471,0.1686066836118698,disco
2264.3606624537365,0.12803300981228669,0.09112430363893509,disco
2565.579673756392,0.14643738001279863,0.10619621723890305,disco
2169.75372710481,0.07469836550767918,0.11109311133623123,disco
2285.1514189888803,0.12042782103242321,0.11052587628364563,disco
2505.4679490448893,0.140201045221843,0.0977359488606453,disco
2279.415210667533,0.1648880786049488,0.08398894220590591,disco
2433.7670975557307,0.15825211977389078,0.09495661407709122,disco
2360.9952177150917,0.1353648944112628,0.17674927413463593,disco
2459.42676389061,0.11659789622440273,0.11044842004776001,disco
2141.2169017514984,0.10863641211604096,0.12372961640357971,disco
2249.8945664141706,0.10524610708191126,0.2056877315044403,disco
2278.3534743654754,0.0862814633105802,0.06778492778539658,disco
2318.593718622873,0.0897827565059727,0.08415059000253677,disco
2384.0758297066327,0.07631152677047781,0.058746058493852615,disco
2177.980090182841,0.10411056154010238,0.07796837389469147,disco
2327.326397348615,0.1242254159556314,0.17936751246452332,disco
2183.9883441006855,0.0806340656996587,0.08708696067333221,disco
2076.642836401683,0.1353092336817406,0.06112193688750267,disco
2724.0714338780554,0.14378932913822526,0.08806096017360687,disco
1855.8084033732255,0.08419368600682593,0.16461902856826782,disco
2168.1991023257356,0.08962077378412969,0.118885338306427,disco
2005.1891950452477,0.11686653423634813,0.11818170547485352,disco
2079.5198916007703,0.09994100629266212,0.09988215565681458,disco
2482.1268394378117,0.1556174008105802,0.11527997255325317,metal
2504.2691581736517,0.13408803061006827,0.09702844172716141,metal
1993.321945548573,0.11442779436860068,0.13261793553829193,metal
2191.1416088850483,0.14898810793515357,0.1498643308877945,metal
2636.7511320549447,0.16446412382679182,0.0630057156085968,metal
2188.5944257590118,0.12002553061006827,0.12133734673261642,metal
2469.3948378121477,0.17455004799488055,0.05025722086429596,metal
2404.1036858087846,0.14745560473549488,0.0691709965467453,metal
2493.344645084386,0.11546268398037543,0.057840581983327866,metal
2368.827893600021,0.08501726482508533,0.31260523200035095,metal
2341.6582968478465,0.1757112574658703,0.1180216372013092,metal
2223.3631507185655,0.15315699658703072,0.230588898062706,metal
2167.5680733268364,0.15775083991040956,0.11420083045959473,metal
2285.529635576143,0.18219723229522183,0.0862230658531189,metal
2089.5755570790366,0.1651977122440273,0.07750993967056274,metal
2439.533409421065,0.15196579031569965,0.11083346605300903,metal
2109.183100413196,0.16026123880119453,0.2693806290626526,metal
2320.6428784695904,0.14227349082764504,0.11341798305511475,metal
1579.7818007597853,0.15976362521331058,0.11833379417657852,metal
2307.7921128232238,0.14455624733361774,0.10052089393138885,metal
2328.030046968693,0.1365057727175768,0.11694608628749847,metal
2311.432147178816,0.1713723869453925,0.10814812779426575,metal
2211.7021569074714,0.09554680834044368,0.1984514594078064,metal
2212.082644792585,0.11772044315273038,0.19481317698955536,metal
2211.602835367842,0.11467510132252559,0.2312294840812683,metal
2058.594066698622,0.11258965710324233,0.10028494894504547,metal
2117.513241990343,0.17657116574232082,0.1381053626537323,metal
2202.3214951175764,0.11463243920648464,0.16482888162136078,metal
2231.1073540032667,0.16091916862201366,0.14397160708904266,metal
2461.8110322329853,0.14687899957337883,0.08877917379140854,metal
1837.859282938094,0.04555247440273037,0.22997580468654633,metal
2380.19882181116,0.11231901930460751,0.22007502615451813,metal
2116.736238708023,0.13234121693686007,0.1362472027540207,metal
1911.5001716363477,0.08903783596416383,0.25655725598335266,metal
2217.598345577636,0.1434603642278157,0.0902862623333931,metal
2325.49099458218,0.14597909556313993,0.27050966024398804,metal
2298.0098258959865,0.1439063166595563,0.11184852570295334,metal
2134.674395514991,0.11035722856228669,0.11189167946577072,metal
2104.3016336237356,0.13233021811006826,0.14522598683834076,metal
2047.9852822390847,0.07888125266638225,0.15421441197395325,metal
2177.7351483979837,0.148934774151603,0.10435552150011063,metal
1913.2272213543442,0.12202934483714188,0.09739477187395096,metal
2025.0024261670637,0.13549738073414053,0.09346920251846313,metal
2108.476713833324,0.1579956221222715,0.09022138267755508,metal
2223.0594525932925,0.15298124680252387,0.0951727032661438,metal
2011.0842257745378,0.12853520954126876,0.08783525228500366,metal
2302.1756288317856,0.14677681083731242,0.2121216058731079,metal
2253.812686228852,0.15943248795617326,0.2171022742986679,metal
2307.887032501025,0.15814616995651432,0.2241266667842865,metal
2271.1609572016255,0.17349072465467258,0.217192143201828,metal
2356.843166672937,0.15914138440057982,0.24840034544467926,metal
2407.576757497336,0.20459317445429742,0.22562406957149506,metal
2146.9343861745583,0.1450358517010573,0.2390354424715042,metal
2334.9154249572543,0.15480647275750342,0.22682221233844757,metal
2378.958148729415,0.17567233596947476,0.2066381871700287,metal
2320.6141020833284,0.17641141925306958,0.2320280224084854,metal
2343.521900946678,0.16035309462397682,0.24231156706809998,metal
2233.534515909871,0.12846060176500682,0.2066575437784195,metal
2206.2402041561063,0.12785008366729195,0.18420913815498352,metal
2091.356690847987,0.13371079094901092,0.18215259909629822,metal
2054.3908990171476,0.12458399503325375,0.12556055188179016,metal
2177.7351483979837,0.148934774151603,0.10435552150011063,metal
1913.2272213543442,0.12202934483714188,0.09739477187395096,metal
2025.0024261670637,0.13549738073414053,0.09346920251846313,metal
2108.476713833324,0.1579956221222715,0.09022138267755508,metal
2223.0594525932925,0.15298124680252387,0.0951727032661438,metal
2011.0842257745378,0.12853520954126876,0.08783525228500366,metal
2051.3219027141,0.10696992320819113,0.13581472635269165,metal
2055.5868966938915,0.11651957124573378,0.09802337735891342,metal
2082.364144213247,0.04795955098122867,0.17340338230133057,metal
2423.1771726623933,0.12804434193686007,0.04852752014994621,metal
2390.1713438103607,0.13834624306740614,0.11499644070863724,metal
2135.581623344735,0.10439853082337884,0.19410112500190735,metal
2402.7142787468406,0.10888305247440273,0.29301154613494873,metal
2383.109632132129,0.1211547434940273,0.040792662650346756,metal
2152.6619112590647,0.07952851695819113,0.24440768361091614,metal
2238.9533686170394,0.1453711604095563,0.0965670570731163,metal
2289.38797929061,0.14297174968003412,0.14887171983718872,metal
2483.765800651233,0.11873500159982935,0.26891401410102844,metal
2250.7035358668554,0.12916755546075084,0.12685365974903107,metal
2480.2674654070456,0.12985214910409557,0.13922186195850372,metal
1957.6309995596948,0.10881305994027304,0.19026216864585876,metal
2078.6152419822893,0.12602189099829353,0.13115602731704712,metal
2121.2492245215267,0.10985061593430034,0.20837202668190002,metal
2214.370801827564,0.12396211070819113,0.22917963564395905,metal
2236.9386137707256,0.1412565992960751,0.15153560042381287,metal
2233.222043718395,0.14214617107508531,0.0881890133023262,metal
2638.9969850583157,0.16863834524317406,0.26668810844421387,metal
1968.3072716897932,0.08235921501706485,0.132295623421669,metal
1712.6588403983467,0.041443579351535836,0.26578304171562195,metal
2320.0811255371427,0.13191426247866894,0.12422580271959305,hiphop
2386.764472397648,0.08766931527303755,0.2847646176815033,hiphop
1884.0119409487706,0.05254772824232082,0.09304311871528625,hiphop
2252.352509287594,0.0924061433447099,0.2647319734096527,hiphop
2273.0570738352153,0.08960444219283277,0.1987626999616623,hiphop
2477.2635878429824,0.11231935260238908,0.26099270582199097,hiphop
2558.577239807491,0.11524537382679181,0.2685612142086029,hiphop
2189.9968231659304,0.07019684566979523,0.26275548338890076,hiphop
2320.482503229222,0.15874003453274216,0.1411750763654709,hiphop
2226.7622975625927,0.08821770016200546,0.21416549384593964,hiphop
2101.4211007908793,0.11174646145975443,0.1701304316520691,hiphop
2220.648610640504,0.08431211630286493,0.20249463617801666,hiphop
2095.2907518396887,0.07797045532060028,0.19816972315311432,hiphop
1672.6622779092245,0.08602143374829468,0.1363147348165512,hiphop
2096.642356740172,0.11942773171043657,0.18465861678123474,hiphop
2325.4725753055095,0.10404121013813097,0.13906891644001007,hiphop
2201.45132792558,0.09871474782571624,0.2060774564743042,hiphop
2330.0139781021553,0.07196053248635743,0.190430149435997,hiphop
2319.11907056537,0.13055861240194405,0.1638558954000473,hiphop
2298.9383364076293,0.0895073488659618,0.2224002480506897,hiphop
2238.892893353836,0.09657343803291268,0.17539583146572113,hiphop
2248.2741358245985,0.10720371386851978,0.24104377627372742,hiphop
2244.6810218382743,0.06748506512193042,0.1726401448249817,hiphop
2171.401344656519,0.09534640656974762,0.1900547593832016,hiphop
2108.168114138974,0.12380327794594134,0.17692360281944275,hiphop
2206.818017964082,0.09625135892735334,0.2509072422981262,hiphop
2696.429095667862,0.1504834741655428,0.16302967071533203,hiphop
2429.9320127344417,0.08988753609035326,0.13439778983592987,hiphop
2449.5571671026596,0.09901217971947476,0.15388351678848267,hiphop
2621.6970127205127,0.10114571472250337,0.16596420109272003,hiphop
2954.202675947876,0.14814806179655526,0.19278191030025482,hiphop
2586.9306736681674,0.11140545008532424,0.21168725192546844,hiphop
2212.6872918482477,0.06788645690834473,0.1333107352256775,hiphop
2490.100642668616,0.13223676539179105,0.21304288506507874,hiphop
2527.31689574077,0.14867256169709264,0.2266693413257599,hiphop
2616.363031640711,0.09052107527449324,0.19051018357276917,hiphop
2281.3763227161367,0.10804584429275217,0.08940508961677551,hiphop
2506.3619413798942,0.17644892649883098,0.15547311305999756,hiphop
1991.361083580815,0.08573298941633267,0.26855140924453735,hiphop
2463.605624948052,0.08870083917835671,0.18297740817070007,hiphop
2343.261005244295,0.08067078166750168,0.12952551245689392,hiphop
2350.7575752507905,0.1029066596735137,0.18518707156181335,hiphop
2487.530503346672,0.08837792773046092,0.24795599281787872,hiphop
1962.9869440285388,0.0532898479250167,0.13542403280735016,hiphop
2002.2070417221587,0.12205824409235137,0.038967110216617584,hiphop
2463.605624948052,0.08870083917835671,0.18297740817070007,hiphop
2298.3673169617377,0.07884609748038882,0.2255030870437622,hiphop
2824.2978958623107,0.0869956647552865,0.24437040090560913,hiphop
2420.4646144371695,0.06721860877813779,0.228494793176651,hiphop
2691.135224004729,0.09140318575204638,0.28706949949264526,hiphop
1952.2434750827135,0.034621005819406546,0.2725551426410675,hiphop
2358.660568750822,0.08690906644355388,0.24258531630039215,hiphop
2533.8957332500904,0.06797134794935197,0.10886422544717789,hiphop
2755.466584025085,0.08521373795617326,0.10769925266504288,hiphop
2850.0919846218526,0.09874972022083901,0.12277373671531677,hiphop
1879.6244558764442,0.06400681062414734,0.133122980594635,hiphop
2337.7733329543607,0.06237609780013643,0.16604575514793396,hiphop
2052.1518603744835,0.04528492176841746,0.22378703951835632,hiphop
2235.7195762150504,0.11996430817274897,0.12942489981651306,hiphop
2078.736366694072,0.05464220242155525,0.1507153958082199,hiphop
1912.2398645459593,0.04763673207281719,0.17962278425693512,hiphop
1974.8278018984538,0.05905971553120737,0.15505625307559967,hiphop
2211.026281946894,0.09473355697902455,0.18868935108184814,hiphop
2239.047660519239,0.10580048814802183,0.18450823426246643,hiphop
2355.2275427822287,0.06968999136681446,0.2343226820230484,hiphop
2423.983639461977,0.07484958539392905,0.20462583005428314,hiphop
2242.4556178667854,0.06984253762363575,0.18841369450092316,hiphop
2610.5050324652443,0.10352128719730559,0.21565504372119904,hiphop
2467.2963082350398,0.0831686855175648,0.22675739228725433,hiphop
2758.8993806575245,0.1011411659063779,0.26966536045074463,hiphop
2632.817122362022,0.05623327986442701,0.277241051197052,hiphop
2880.9731946601387,0.08823501982435197,0.24514277279376984,hiphop
2061.6977885737083,0.04269763067019099,0.2515271306037903,hiphop
2537.8944725508995,0.07031016850699182,0.29852786660194397,hiphop
2535.416474434578,0.09806459434686221,0.2075381875038147,hiphop
2493.8137423584203,0.12476685069918145,0.1895075887441635,hiphop
2227.0130645180507,0.07929154223549488,0.23513758182525635,hiphop
2518.282668651055,0.11404650170648464,0.236130952835083,hiphop
2227.0130645180507,0.07929154223549488,0.23513758182525635,hiphop
2429.449355309689,0.14115127719709897,0.1523524522781372,hiphop
2590.647071907865,0.1277110441552901,0.14029207825660706,hiphop
1928.4300649086642,0.046334093622100954,0.08570246398448944,hiphop
2163.3789023390336,0.10117314066763301,0.10196085274219513,hiphop
2280.225573344779,0.09893390816848567,0.11012532562017441,hiphop
1918.391731195622,0.09377298185965212,0.06512358784675598,hiphop
2377.684410805416,0.11399501993093451,0.1057475283741951,hiphop
2173.393616553473,0.07135867421981583,0.07839198410511017,hiphop
2460.526917181304,0.0787381826611528,0.10716687142848969,hiphop
2370.0686191270315,0.13416509901517734,0.11799639463424683,hiphop
2366.979532246022,0.10521694875511596,0.12025006860494614,hiphop
2259.1634980779977,0.08755222544338336,0.09368296712636948,reggae
1962.4468538664487,0.05722982659021146,0.08161001652479172,reggae
2067.974244115571,0.06714866398789222,0.09168492257595062,reggae
2074.1282480490636,0.07610026485760572,0.09362110495567322,reggae
2109.347372303319,0.07563429932639837,0.10024765133857727,reggae
1933.8144965879644,0.06524716490450205,0.09987237304449081,reggae
1675.7188441354358,0.05404567328188949,0.1046096459031105,reggae
1993.140649487024,0.06613712909276943,0.0901775062084198,reggae
1928.1581544512394,0.06177124189972715,0.10149220377206802,reggae
1936.5808198369416,0.05417623689034789,0.08605293184518814,reggae
2018.2066493529164,0.09175324277370396,0.061452437192201614,reggae
2258.4999276241997,0.06300826547578445,0.07776862382888794,reggae
2261.9053997706283,0.10189623657060028,0.0748840719461441,reggae
1938.2355178418984,0.06317146998635743,0.1106971725821495,reggae
2020.0846951465096,0.05727845487295362,0.11345568299293518,reggae
2271.59086272315,0.0611763781122101,0.13092954456806183,reggae
2270.055902534055,0.07118747601892905,0.18521282076835632,reggae
1943.8989111553321,0.06948182234822646,0.13911199569702148,reggae
2092.6647277696916,0.06942053738915416,0.10582961142063141,reggae
2025.531431679089,0.06392054538284447,0.13782159984111786,reggae
2008.947713081972,0.050734287069406546,0.13861431181430817,reggae
2096.5623383179177,0.08276833486101637,0.15458275377750397,reggae
2202.8952173765024,0.06467095306105047,0.1817430704832077,reggae
2307.2506193939903,0.1075917409191678,0.10717925429344177,reggae
1989.304789984382,0.06436319598396999,0.12300451099872589,reggae
1868.9626811720484,0.06586267905866303,0.12616339325904846,reggae
2022.8794430995388,0.06655313405951568,0.1335916519165039,reggae
2277.333464497734,0.07841377206258526,0.126276433467865,reggae
1866.5670128548632,0.06048758846350614,0.07213607430458069,reggae
2084.856407021709,0.03904584647851296,0.10314249992370605,reggae
2129.51992030993,0.0628960207409618,0.07963965088129044,reggae
1970.0713526874933,0.05234501566763301,0.09094727784395218,reggae
1813.2723598667787,0.05849282965978854,0.06297308206558228,reggae
2021.8642757466027,0.052813978832708046,0.07358334213495255,reggae
1700.5669361523017,0.039934478385061395,0.08166475594043732,reggae
1982.2071198360359,0.05471381256394952,0.07242323458194733,reggae
2120.4203547695993,0.053072108415757165,0.0791115015745163,reggae
2019.835778188119,0.05649740471521146,0.08509275317192078,reggae
1963.8658065741442,0.05837525579809004,0.07524801790714264,reggae
2067.75395562421,0.023187697177694408,0.10262401401996613,reggae
1825.4887138175015,0.09009655045617326,0.0388864241540432,reggae
2049.6577876609886,0.05239341136945393,0.11950219422578812,reggae
2213.7310994329864,0.09140791648890785,0.07079274207353592,reggae
1478.2847903015181,0.06714850415955631,0.11026693880558014,reggae
2404.192096816576,0.0720069859215017,0.15098585188388824,reggae
2770.343456079254,0.1838777197098976,0.08903516083955765,reggae
2325.0157380147034,0.06964423794795221,0.09313244372606277,reggae
2099.482799762619,0.10153083671075085,0.1087450236082077,reggae
2428.577932589636,0.09917842096843003,0.11973041296005249,reggae
2365.351078756662,0.06556100682593857,0.13224777579307556,reggae
2362.071509377667,0.10753919581911263,0.12918542325496674,reggae
2575.5311513590336,0.23475595936433447,0.11510653793811798,reggae
2835.0777767032664,0.1081931260665529,0.18776126205921173,reggae
2085.168459090239,0.07741407583191126,0.06229056790471077,reggae
2364.9408302878896,0.08363974509385666,0.09604756534099579,reggae
2465.099768887715,0.06933460430887373,0.11239317059516907,reggae
2149.337534575926,0.07080444752559727,0.09985264390707016,reggae
2206.6967872100818,0.0665449018771331,0.10272828489542007,reggae
2427.813775647547,0.0935980162116041,0.090092733502388,reggae
2367.1486239381647,0.0991754212883959,0.12549875676631927,reggae
2120.724692417534,0.10472649584044369,0.025732532143592834,reggae
2532.699081887967,0.10984061700085324,0.17903240025043488,reggae
2215.9670315982994,0.0510675527943686,0.05686243623495102,reggae
1868.0046211223575,0.0723489494453925,0.09699828177690506,reggae
2743.1661496298125,0.08165429020904437,0.2660483419895172,reggae
1993.8865223304804,0.07155470083191126,0.29623812437057495,reggae
1764.5830394532054,0.059527983681740615,0.12845410406589508,reggae
1955.0860596366379,0.05125786582764505,0.13958480954170227,reggae
2119.776269947623,0.06881066019624574,0.09490370750427246,reggae
2326.253043650442,0.06903230322098976,0.1250760704278946,reggae
2270.8944553248334,0.05333397770904437,0.14841975271701813,reggae
2523.8117669865896,0.104037236028157,0.14920654892921448,reggae
2570.067122466576,0.11098816126279863,0.14100369811058044,reggae
2378.986702306401,0.04406663289249147,0.19179004430770874,reggae
2376.507414973312,0.044061966723549485,0.1918228268623352,reggae
2106.8965542558767,0.11843736668088738,0.1703268587589264,reggae
2297.6992839800564,0.07671981655290103,0.20934008061885834,reggae
1950.4190915959496,0.05361394784556314,0.11606049537658691,reggae
2131.364843209602,0.0829701498506826,0.09376224875450134,reggae
2061.340174769259,0.16512505332764504,0.0798063799738884,reggae
2356.1764194494554,0.08264318472696246,0.19368480145931244,reggae
2358.4626772554075,0.08634445659129693,0.17736215889453888,reggae
2358.4626772554075,0.08634445659129693,0.17736215889453888,reggae
1560.6658468840212,0.06273130866040956,0.05665779113769531,reggae
1942.7835782180136,0.06712184033703071,0.11375605314970016,reggae
1571.5000964604235,0.08813693206058021,0.11884602904319763,reggae
2488.7943247489566,0.2174728029010239,0.32721421122550964,reggae
2646.291115169674,0.0976939126493174,0.2049655318260193,reggae
2836.8949100077234,0.14864514451791808,0.11790947616100311,reggae
1321.984868637469,0.03363807860494881,0.15080362558364868,reggae
2568.3177857678797,0.0927721079390742,0.24790678918361664,country
2563.4597094112883,0.1106120235760573,0.23002776503562927,country
2403.756657035911,0.06511360523432232,0.14617525041103363,country
2083.0397155041856,0.08941912862627986,0.20383596420288086,country
2596.3366974530536,0.10833044475255972,0.208983913064003,country
2502.0677076842726,0.11957006125169262,0.20333901047706604,country
2521.776158605025,0.11172975444922402,0.21343566477298737,country
2630.858113483146,0.09853975890112705,0.24373368918895721,country
2399.3832761748245,0.09228914221938775,0.2740996181964874,country
2682.527374776032,0.13563283111385296,0.2357024848461151,country
1905.53850252959,0.06709104280354707,0.07454242557287216,country
2442.061831519595,0.09412104045873124,0.07804673910140991,country
1838.5171358629746,0.05637550093792633,0.1265697330236435,country
2472.3016548415744,0.10916849633356071,0.0795116052031517,country
2611.453805199729,0.1012693980218281,0.09145506471395493,country
2031.3328255146841,0.08401968046555253,0.10468039661645889,country
1556.5530433564181,0.05327361602575034,0.07965173572301865,country
1750.5163010587466,0.05661198094304229,0.08854835480451584,country
2084.0638256193665,0.08371758558577763,0.09646142274141312,country
1314.0050019577377,0.045049440974590724,0.08178731799125671,country
2368.7817192647835,0.07743188043570941,0.10497888922691345,country
1291.5215686755053,0.04033815974590723,0.1096043512225151,country
1894.7287278007022,0.059757165011084586,0.07487072795629501,country
1989.3101820630336,0.03058885519696453,0.03881235793232918,country
1774.9795503989392,0.0731515923431105,0.09634653478860855,country
1816.0908173003836,0.050509131458901776,0.07979398220777512,country
1530.646436737692,0.04849438842939973,0.10033715516328812,country
1886.3022861518416,0.08537827474846521,0.11632928252220154,country
1672.0652558301235,0.052732709647851296,0.09393645823001862,country
1406.9313032296172,0.04761308407230559,0.11683377623558044,country
1721.0427767832994,0.03766560261766712,0.07942969352006912,country
1960.1314874334564,0.08292587717428376,0.1005360409617424,country
2000.019549889613,0.05968655407997953,0.06042838469147682,country
2169.6352475175427,0.10887805891882674,0.10413774102926254,country
2279.7242020661283,0.10164210383270805,0.07753337919712067,country
2222.369983309813,0.08982309963335607,0.09944881498813629,country
1887.9699697371923,0.07533220444662346,0.022724952548742294,country
2118.473591159917,0.07317990332963847,0.07188306003808975,country
2526.427059480979,0.10219233618263984,0.09030979871749878,country
2691.9907153645,0.17791056925733287,0.09477970004081726,country
2254.6379199308253,0.09244303163369713,0.10852868854999542,country
2450.3405505809224,0.07875117240791268,0.11251028627157211,country
2392.673634938636,0.07513802438608458,0.1172960177063942,country
2174.072415071065,0.11689672951483629,0.09451837092638016,country
1846.9562733202943,0.057173204617155526,0.11339986324310303,country
2313.7513811478625,0.11517209082963847,0.14599204063415527,country
1793.6289768396384,0.1025080869500341,0.10308830440044403,country
1714.613671573896,0.08345346073499318,0.09045376628637314,country
2133.2191053938245,0.054949626428206,0.11643078178167343,country
1630.5369218518656,0.0667589715850955,0.14334291219711304,country
2007.3235910277904,0.07032016061988404,0.1092100441455841,country
1824.715584998235,0.05280332057895634,0.09024602919816971,country
1628.3180882288837,0.0315194539776603,0.06940725445747375,country
2274.5947770217454,0.09708336886084584,0.13319867849349976,country
2071.629252333703,0.05374557682469304,0.10413763672113419,country
2088.9580706139272,0.07231725091660983,0.15474112331867218,country
1924.9326781241914,0.048905064269270125,0.13608555495738983,country
1954.0491740389311,0.06725724494798772,0.12994548678398132,country
2116.073250024658,0.06551328817786493,0.1634688824415207,country
1971.122270236195,0.047175096457196454,0.14530056715011597,country
1893.3410886494173,0.03858121322902456,0.14087624847888947,country
1859.5906138151822,0.04335111485334243,0.1071261614561081,country
2250.8555194352425,0.09158337685453616,0.12975481152534485,country
1982.8930085819757,0.05210220732435198,0.13088151812553406,country
1835.5977457419965,0.05336454425306958,0.08249104022979736,country
1174.5850815449949,0.03415037730218281,0.11036061495542526,country
1689.0619462341963,0.0877713857861528,0.1361243724822998,country
1209.4848380871883,0.031362244734822645,0.05532579869031906,country
1434.5087997844394,0.04450453775153479,0.08313272148370743,country
1613.241504864529,0.05425550765262619,0.08688970655202866,country
1945.3727061341565,0.08443068937585266,0.14385397732257843,country
1376.422603112621,0.053675632034447474,0.11821160465478897,country
1847.007557612367,0.07318356710436562,0.15627960860729218,country
1799.5832897393439,0.06216559728854024,0.09556273370981216,country
1673.1591630016221,0.0634169428930764,0.08215026557445526,country
2217.0063217141505,0.10157115983117326,0.1792214959859848,country
1387.739780949856,0.05894780386681446,0.12802043557167053,country
1537.9286791022255,0.07769900292036153,0.13125048577785492,country
1420.4577801887665,0.04430369628240109,0.04325134679675102,country
1207.661820892012,0.04045773203018418,0.1151140108704567,country
2159.70177229613,0.08006047226722374,0.15271884202957153,country
2124.603494248706,0.09022011958560709,0.16734503209590912,country
2237.503445903735,0.09489676148959754,0.16594043374061584,country
1700.6251761694248,0.05299916599164393,0.13085338473320007,country
2003.3357517171523,0.08284427491899728,0.1802629679441452,country
1822.8470511641522,0.061587720092939974,0.1352892816066742,country
2051.171555046574,0.06969465435283083,0.1332557052373886,country
1778.6691029571564,0.06566716671640518,0.10843776166439056,country
1931.0362851277405,0.05873064194662347,0.15240220725536346,country
1636.7944093565686,0.04674510253240109,0.10452255606651306,country
1543.6343372608344,0.08680414925818554,0.03617250174283981,classical
1423.8117921967596,0.07761406996077763,0.030578777194023132,classical
1584.992789973228,0.07961349175051159,0.04375395178794861,classical
1482.4863276361455,0.0965098215808322,0.029398377984762192,classical
1629.600007962437,0.09994111314802183,0.04224487766623497,classical
1540.5547515227133,0.06665405439972714,0.04315954074263573,classical
1561.3257489525017,0.06454971542462483,0.03317641839385033,classical
1498.2343242587249,0.06479618754263301,0.040817420929670334,classical
1611.3477354710196,0.06972762832537517,0.03398456797003746,classical
1557.4683972310156,0.049837661472544335,0.02378217503428459,classical
1551.9742559298709,0.07630210553802864,0.02943868562579155,classical
1087.7827444906106,0.05372692488062756,0.02147063985466957,classical
1306.3219849101806,0.05834128261425648,0.03136715665459633,classical
1434.3510716197063,0.07164245022595497,0.031647663563489914,classical
1351.7982505922348,0.06058584424027967,0.031528688967227936,classical
1529.6194298548091,0.06702376257673942,0.011416323482990265,classical
1409.6791453046503,0.042218342321794,0.008001741021871567,classical
1395.9350260158017,0.07167109428291268,0.03728124871850014,classical
1292.6701049281276,0.06256628101551842,0.018658176064491272,classical
1484.0609272878244,0.05114796054314461,0.007983475923538208,classical
1332.9425564065054,0.061836190633526605,0.03835633769631386,classical
1423.182951338001,0.07048036749658936,0.0453714020550251,classical
1346.1370309647223,0.060549872633867664,0.047815147787332535,classical
1370.1186566373005,0.03913344400153479,0.017128972336649895,classical
1354.1134541999268,0.06324441241047067,0.06651133298873901,classical
1290.1071982306253,0.060364352404502046,0.06395687162876129,classical
1289.4135159188438,0.07214172280013642,0.038809165358543396,classical
1144.4814396958682,0.04717809409106412,0.0283781997859478,classical
1355.3212353445388,0.07186427513216234,0.06249428540468216,classical
1559.089406835414,0.08165854418912005,0.04156449809670448,classical
1339.3711549860743,0.05649707164478172,0.029660239815711975,classical
1110.4814570537374,0.03494708177012278,0.026619529351592064,classical
1157.2699058191663,0.032290845092939974,0.008039298467338085,classical
1331.543535231145,0.04827789265006821,0.012336882762610912,classical
1444.5750196476754,0.0651782193255457,0.03886393830180168,classical
1135.3548539338294,0.053998710351296046,0.04042230546474457,classical
1473.1635795987875,0.05270373252046385,0.01597447134554386,classical
1448.292572923395,0.08317101701057299,0.04136786237359047,classical
1321.940149731503,0.0670773869159277,0.04425805062055588,classical
1705.859762340936,0.09653313651091405,0.012776021845638752,classical
1498.244910357447,0.06436486133611868,0.019704395905137062,classical
1388.831326299419,0.06968999136681446,0.02125697024166584,classical
1233.5683508503603,0.08295644913182737,0.1339079588651657,classical
1350.2783768853897,0.044944523789222375,0.11515510082244873,classical
1261.5977602782043,0.06323408722714871,0.01790110394358635,classical
1352.981626308623,0.054980998770352785,0.13808506727218628,classical
1822.7744343018828,0.09856353385061392,0.11496754735708237,classical
1362.5333319260394,0.05853479653393588,0.009484952315688133,classical
1519.4524529753307,0.07720390890731292,0.16061624884605408,classical
2072.313665281525,0.0964543781996587,0.1235698014497757,classical
1459.7943276285653,0.043822409511425645,0.00796525552868843,classical
1885.921521325127,0.05286769411262798,0.08042716979980469,classical
2181.065998045925,0.10989692136340382,0.055133335292339325,classical
1475.2118797432663,0.07763309941458894,0.13801416754722595,classical
1544.1546676501262,0.10178975245550705,0.1740359663963318,classical
1218.4253344198578,0.05250555561476808,0.013048960827291012,classical
1613.1221934835153,0.08566759913206262,0.1896502673625946,classical
1711.4991670508855,0.08364830693639154,0.016727039590477943,classical
1278.921832849205,0.07223831322476125,0.029974430799484253,classical
1508.7617058515464,0.0824509187414734,0.06896534562110901,classical
1712.87154074619,0.09161868232008867,0.06853660196065903,classical
1412.818699132242,0.06687421395378582,0.048074521124362946,classical
1585.1082374514003,0.0646229909191678,0.038808975368738174,classical
1112.9629791837729,0.03174161195429741,0.020109662786126137,classical
1606.3492774240478,0.036791958880457026,0.012518267147243023,classical
1112.4837689604933,0.04186695301841746,0.029134877026081085,classical
1085.3630151461937,0.03965436615364939,0.03168162703514099,classical
1440.4343377561956,0.03992215477916098,0.03162936121225357,classical
1475.4139146314976,0.08404033083219645,0.05728306621313095,classical
1395.0198287362953,0.06997176895037517,0.029111796990036964,classical
1464.5468958728056,0.06247368743605048,0.031852129846811295,classical
1444.5602270370377,0.06710070184600955,0.05160043016076088,classical
1493.956231539049,0.05628324042888813,0.02068369649350643,classical
1225.9341167736072,0.06260924710095497,0.04368624463677406,classical
1439.0742811412274,0.06376666684430422,0.0372004397213459,classical
1335.0131138885256,0.05380386414989768,0.01645202748477459,classical
1413.6550339577211,0.06347589635914051,0.05871633067727089,classical
921.9892226436816,0.04266832047237381,0.016721373423933983,classical
926.6101969878475,0.03646688214103001,0.006612754892557859,classical
835.0652445415915,0.04596871536067531,0.018794264644384384,classical
1419.4181624650453,0.0277814045446794,0.0052673895843327045,classical
1362.072581809734,0.05350376769270123,0.01651417277753353,classical
1317.0167782058218,0.07725735153052524,0.0429539829492569,classical
904.0732202290735,0.04482728299795362,0.04183470085263252,classical
1059.4094737806881,0.051157952656036836,0.021942313760519028,classical
1431.4241539562383,0.08078456738148022,0.03882375732064247,classical
1375.3462995018647,0.06764826963250341,0.03140820935368538,classical
988.2705985294451,0.04507408818639154,0.02144482359290123,classical
1326.988397468526,0.06231348055934516,0.02819618582725525,classical
1865.5319051979434,0.14782032049369032,0.035036928951740265,classical
